<?xml version="1.0" encoding="UTF-8"?><batch>
    <batchstep method="io.github.mzmine.modules.io.import_rawdata_all.AllSpectralDataImportModule">
        <parameter name="File names">
            <file>D:\Projects\Hitchhiker\NewData_SD_Beach_Survey\SD_01-2018_1_a.mzXML</file>
            <file>D:\Projects\Hitchhiker\NewData_SD_Beach_Survey\SD_01-2018_1_b.mzXML</file>
            <file>D:\Projects\Hitchhiker\NewData_SD_Beach_Survey\SD_01-2018_2_a.mzXML</file>
            <file>D:\Projects\Hitchhiker\NewData_SD_Beach_Survey\SD_01-2018_2_b.mzXML</file>
            <file>D:\Projects\Hitchhiker\NewData_SD_Beach_Survey\SD_01-2018_3_a.mzXML</file>
            <file>D:\Projects\Hitchhiker\NewData_SD_Beach_Survey\SD_01-2018_3_b.mzXML</file>
            <file>D:\Projects\Hitchhiker\NewData_SD_Beach_Survey\SD_01-2018_4_a.mzXML</file>
            <file>D:\Projects\Hitchhiker\NewData_SD_Beach_Survey\SD_01-2018_4_b.mzXML</file>
            <file>D:\Projects\Hitchhiker\NewData_SD_Beach_Survey\SD_01-2018_5_a.mzXML</file>
            <file>D:\Projects\Hitchhiker\NewData_SD_Beach_Survey\SD_01-2018_5_b.mzXML</file>
            <file>D:\Projects\Hitchhiker\NewData_SD_Beach_Survey\SD_01-2018_6_a.mzXML</file>
            <file>D:\Projects\Hitchhiker\NewData_SD_Beach_Survey\SD_01-2018_6_b.mzXML</file>
            <file>D:\Projects\Hitchhiker\NewData_SD_Beach_Survey\SD_01-2018_7_a.mzXML</file>
            <file>D:\Projects\Hitchhiker\NewData_SD_Beach_Survey\SD_01-2018_7_b.mzXML</file>
            <file>D:\Projects\Hitchhiker\NewData_SD_Beach_Survey\SD_01-2018_8_a.mzXML</file>
            <file>D:\Projects\Hitchhiker\NewData_SD_Beach_Survey\SD_01-2018_8_b.mzXML</file>
            <file>D:\Projects\Hitchhiker\NewData_SD_Beach_Survey\SD_01-2018_9_a.mzXML</file>
            <file>D:\Projects\Hitchhiker\NewData_SD_Beach_Survey\SD_01-2018_9_b.mzXML</file>
            <file>D:\Projects\Hitchhiker\NewData_SD_Beach_Survey\SD_01-2018_10_a.mzXML</file>
            <file>D:\Projects\Hitchhiker\NewData_SD_Beach_Survey\SD_01-2018_10_b.mzXML</file>
            <file>D:\Projects\Hitchhiker\NewData_SD_Beach_Survey\SD_01-2018_11_a.mzXML</file>
            <file>D:\Projects\Hitchhiker\NewData_SD_Beach_Survey\SD_01-2018_11_b.mzXML</file>
            <file>D:\Projects\Hitchhiker\NewData_SD_Beach_Survey\SD_01-2018_12_a.mzXML</file>
            <file>D:\Projects\Hitchhiker\NewData_SD_Beach_Survey\SD_01-2018_12_b.mzXML</file>
            <file>D:\Projects\Hitchhiker\NewData_SD_Beach_Survey\SD_01-2018_13_a.mzXML</file>
            <file>D:\Projects\Hitchhiker\NewData_SD_Beach_Survey\SD_01-2018_13_b.mzXML</file>
            <file>D:\Projects\Hitchhiker\NewData_SD_Beach_Survey\SD_01-2018_14_a.mzXML</file>
            <file>D:\Projects\Hitchhiker\NewData_SD_Beach_Survey\SD_01-2018_14_b.mzXML</file>
            <file>D:\Projects\Hitchhiker\NewData_SD_Beach_Survey\SD_01-2018_15_a.mzXML</file>
            <file>D:\Projects\Hitchhiker\NewData_SD_Beach_Survey\SD_01-2018_15_b.mzXML</file>
            <file>D:\Projects\Hitchhiker\NewData_SD_Beach_Survey\SD_01-2018_16_a.mzXML</file>
            <file>D:\Projects\Hitchhiker\NewData_SD_Beach_Survey\SD_01-2018_16_b.mzXML</file>
            <file>D:\Projects\Hitchhiker\NewData_SD_Beach_Survey\SD_01-2018_17_a.mzXML</file>
            <file>D:\Projects\Hitchhiker\NewData_SD_Beach_Survey\SD_01-2018_17_b.mzXML</file>
            <file>D:\Projects\Hitchhiker\NewData_SD_Beach_Survey\SD_01-2018_18_a.mzXML</file>
            <file>D:\Projects\Hitchhiker\NewData_SD_Beach_Survey\SD_01-2018_18_b.mzXML</file>
            <file>D:\Projects\Hitchhiker\NewData_SD_Beach_Survey\SD_01-2018_19_a.mzXML</file>
            <file>D:\Projects\Hitchhiker\NewData_SD_Beach_Survey\SD_01-2018_19_b.mzXML</file>
            <file>D:\Projects\Hitchhiker\NewData_SD_Beach_Survey\SD_01-2018_20_a.mzXML</file>
            <file>D:\Projects\Hitchhiker\NewData_SD_Beach_Survey\SD_01-2018_20_b.mzXML</file>
            <file>D:\Projects\Hitchhiker\NewData_SD_Beach_Survey\SD_01-2018_21_a.mzXML</file>
            <file>D:\Projects\Hitchhiker\NewData_SD_Beach_Survey\SD_01-2018_21_b.mzXML</file>
            <file>D:\Projects\Hitchhiker\NewData_SD_Beach_Survey\SD_01-2018_22_a.mzXML</file>
            <file>D:\Projects\Hitchhiker\NewData_SD_Beach_Survey\SD_01-2018_22_b.mzXML</file>
            <file>D:\Projects\Hitchhiker\NewData_SD_Beach_Survey\SD_01-2018_23_a.mzXML</file>
            <file>D:\Projects\Hitchhiker\NewData_SD_Beach_Survey\SD_01-2018_23_b.mzXML</file>
            <file>D:\Projects\Hitchhiker\NewData_SD_Beach_Survey\SD_01-2018_24_a.mzXML</file>
            <file>D:\Projects\Hitchhiker\NewData_SD_Beach_Survey\SD_01-2018_24_b.mzXML</file>
            <file>D:\Projects\Hitchhiker\NewData_SD_Beach_Survey\SD_01-2018_25_a.mzXML</file>
            <file>D:\Projects\Hitchhiker\NewData_SD_Beach_Survey\SD_01-2018_25_b_180117091040.mzXML</file>
            <file>D:\Projects\Hitchhiker\NewData_SD_Beach_Survey\SD_01-2018_26_a.mzXML</file>
            <file>D:\Projects\Hitchhiker\NewData_SD_Beach_Survey\SD_01-2018_26_b.mzXML</file>
            <file>D:\Projects\Hitchhiker\NewData_SD_Beach_Survey\SD_01-2018_27_a.mzXML</file>
            <file>D:\Projects\Hitchhiker\NewData_SD_Beach_Survey\SD_01-2018_27_b.mzXML</file>
            <file>D:\Projects\Hitchhiker\NewData_SD_Beach_Survey\SD_01-2018_28_a.mzXML</file>
            <file>D:\Projects\Hitchhiker\NewData_SD_Beach_Survey\SD_01-2018_28_b.mzXML</file>
            <file>D:\Projects\Hitchhiker\NewData_SD_Beach_Survey\SD_01-2018_29_a.mzXML</file>
            <file>D:\Projects\Hitchhiker\NewData_SD_Beach_Survey\SD_01-2018_29_b.mzXML</file>
            <file>D:\Projects\Hitchhiker\NewData_SD_Beach_Survey\SD_01-2018_30_a.mzXML</file>
            <file>D:\Projects\Hitchhiker\NewData_SD_Beach_Survey\SD_01-2018_30_b.mzXML</file>
            <file>D:\Projects\Hitchhiker\NewData_SD_Beach_Survey\SD_01-2018_PPL_Bl_1.mzXML</file>
            <file>D:\Projects\Hitchhiker\NewData_SD_Beach_Survey\SD_01-2018_PPL_Bl_2.mzXML</file>
            <file>D:\Projects\Hitchhiker\NewData_SD_Beach_Survey\SD_10_2018_1_a.mzXML</file>
            <file>D:\Projects\Hitchhiker\NewData_SD_Beach_Survey\SD_10_2018_1_b.mzXML</file>
            <file>D:\Projects\Hitchhiker\NewData_SD_Beach_Survey\SD_10_2018_2_a.mzXML</file>
            <file>D:\Projects\Hitchhiker\NewData_SD_Beach_Survey\SD_10_2018_2_b.mzXML</file>
            <file>D:\Projects\Hitchhiker\NewData_SD_Beach_Survey\SD_10_2018_3_a.mzXML</file>
            <file>D:\Projects\Hitchhiker\NewData_SD_Beach_Survey\SD_10_2018_3_b.mzXML</file>
            <file>D:\Projects\Hitchhiker\NewData_SD_Beach_Survey\SD_10_2018_4_a.mzXML</file>
            <file>D:\Projects\Hitchhiker\NewData_SD_Beach_Survey\SD_10_2018_4_b.mzXML</file>
            <file>D:\Projects\Hitchhiker\NewData_SD_Beach_Survey\SD_10_2018_5_a.mzXML</file>
            <file>D:\Projects\Hitchhiker\NewData_SD_Beach_Survey\SD_10_2018_5_b.mzXML</file>
            <file>D:\Projects\Hitchhiker\NewData_SD_Beach_Survey\SD_10_2018_6_a.mzXML</file>
            <file>D:\Projects\Hitchhiker\NewData_SD_Beach_Survey\SD_10_2018_6_b.mzXML</file>
            <file>D:\Projects\Hitchhiker\NewData_SD_Beach_Survey\SD_10_2018_7_a.mzXML</file>
            <file>D:\Projects\Hitchhiker\NewData_SD_Beach_Survey\SD_10_2018_7_b.mzXML</file>
            <file>D:\Projects\Hitchhiker\NewData_SD_Beach_Survey\SD_10_2018_8_a.mzXML</file>
            <file>D:\Projects\Hitchhiker\NewData_SD_Beach_Survey\SD_10_2018_8_b.mzXML</file>
            <file>D:\Projects\Hitchhiker\NewData_SD_Beach_Survey\SD_10_2018_9_a.mzXML</file>
            <file>D:\Projects\Hitchhiker\NewData_SD_Beach_Survey\SD_10_2018_9_b.mzXML</file>
            <file>D:\Projects\Hitchhiker\NewData_SD_Beach_Survey\SD_10_2018_10_a.mzXML</file>
            <file>D:\Projects\Hitchhiker\NewData_SD_Beach_Survey\SD_10_2018_10_b.mzXML</file>
            <file>D:\Projects\Hitchhiker\NewData_SD_Beach_Survey\SD_10_2018_11_a.mzXML</file>
            <file>D:\Projects\Hitchhiker\NewData_SD_Beach_Survey\SD_10_2018_11_b.mzXML</file>
            <file>D:\Projects\Hitchhiker\NewData_SD_Beach_Survey\SD_10_2018_12_a.mzXML</file>
            <file>D:\Projects\Hitchhiker\NewData_SD_Beach_Survey\SD_10_2018_12_b.mzXML</file>
            <file>D:\Projects\Hitchhiker\NewData_SD_Beach_Survey\SD_10_2018_13_a.mzXML</file>
            <file>D:\Projects\Hitchhiker\NewData_SD_Beach_Survey\SD_10_2018_13_b.mzXML</file>
            <file>D:\Projects\Hitchhiker\NewData_SD_Beach_Survey\SD_10_2018_14_a.mzXML</file>
            <file>D:\Projects\Hitchhiker\NewData_SD_Beach_Survey\SD_10_2018_14_b.mzXML</file>
            <file>D:\Projects\Hitchhiker\NewData_SD_Beach_Survey\SD_10_2018_15_a.mzXML</file>
            <file>D:\Projects\Hitchhiker\NewData_SD_Beach_Survey\SD_10_2018_15_b.mzXML</file>
            <file>D:\Projects\Hitchhiker\NewData_SD_Beach_Survey\SD_10_2018_16_a.mzXML</file>
            <file>D:\Projects\Hitchhiker\NewData_SD_Beach_Survey\SD_10_2018_16_b.mzXML</file>
            <file>D:\Projects\Hitchhiker\NewData_SD_Beach_Survey\SD_10_2018_17_a.mzXML</file>
            <file>D:\Projects\Hitchhiker\NewData_SD_Beach_Survey\SD_10_2018_17_b.mzXML</file>
            <file>D:\Projects\Hitchhiker\NewData_SD_Beach_Survey\SD_10_2018_18_a.mzXML</file>
            <file>D:\Projects\Hitchhiker\NewData_SD_Beach_Survey\SD_10_2018_18_b.mzXML</file>
            <file>D:\Projects\Hitchhiker\NewData_SD_Beach_Survey\SD_10_2018_19_a.mzXML</file>
            <file>D:\Projects\Hitchhiker\NewData_SD_Beach_Survey\SD_10_2018_19_b.mzXML</file>
            <file>D:\Projects\Hitchhiker\NewData_SD_Beach_Survey\SD_10_2018_20_a.mzXML</file>
            <file>D:\Projects\Hitchhiker\NewData_SD_Beach_Survey\SD_10_2018_20_b.mzXML</file>
            <file>D:\Projects\Hitchhiker\NewData_SD_Beach_Survey\SD_10_2018_21_a.mzXML</file>
            <file>D:\Projects\Hitchhiker\NewData_SD_Beach_Survey\SD_10_2018_21_b.mzXML</file>
            <file>D:\Projects\Hitchhiker\NewData_SD_Beach_Survey\SD_10_2018_22_a.mzXML</file>
            <file>D:\Projects\Hitchhiker\NewData_SD_Beach_Survey\SD_10_2018_22_b.mzXML</file>
            <file>D:\Projects\Hitchhiker\NewData_SD_Beach_Survey\SD_10_2018_23_a.mzXML</file>
            <file>D:\Projects\Hitchhiker\NewData_SD_Beach_Survey\SD_10_2018_23_b.mzXML</file>
            <file>D:\Projects\Hitchhiker\NewData_SD_Beach_Survey\SD_10_2018_24_a.mzXML</file>
            <file>D:\Projects\Hitchhiker\NewData_SD_Beach_Survey\SD_10_2018_24_b.mzXML</file>
            <file>D:\Projects\Hitchhiker\NewData_SD_Beach_Survey\SD_10_2018_25_a.mzXML</file>
            <file>D:\Projects\Hitchhiker\NewData_SD_Beach_Survey\SD_10_2018_25_b.mzXML</file>
            <file>D:\Projects\Hitchhiker\NewData_SD_Beach_Survey\SD_10_2018_26_a.mzXML</file>
            <file>D:\Projects\Hitchhiker\NewData_SD_Beach_Survey\SD_10_2018_26_b.mzXML</file>
            <file>D:\Projects\Hitchhiker\NewData_SD_Beach_Survey\SD_10_2018_27_a.mzXML</file>
            <file>D:\Projects\Hitchhiker\NewData_SD_Beach_Survey\SD_10_2018_27_b.mzXML</file>
            <file>D:\Projects\Hitchhiker\NewData_SD_Beach_Survey\SD_10_2018_28_a.mzXML</file>
            <file>D:\Projects\Hitchhiker\NewData_SD_Beach_Survey\SD_10_2018_28_b.mzXML</file>
            <file>D:\Projects\Hitchhiker\NewData_SD_Beach_Survey\SD_10_2018_29_a.mzXML</file>
            <file>D:\Projects\Hitchhiker\NewData_SD_Beach_Survey\SD_10_2018_29_b.mzXML</file>
            <file>D:\Projects\Hitchhiker\NewData_SD_Beach_Survey\SD_10_2018_30_a.mzXML</file>
            <file>D:\Projects\Hitchhiker\NewData_SD_Beach_Survey\SD_10_2018_30_b.mzXML</file>
            <file>D:\Projects\Hitchhiker\NewData_SD_Beach_Survey\SD_10_2018_PPL_Blank_1.mzXML</file>
            <file>D:\Projects\Hitchhiker\NewData_SD_Beach_Survey\SD_10_2018_PPL_Blank_2.mzXML</file>
            <file>D:\Projects\Hitchhiker\NewData_SD_Beach_Survey\SD_12-2017_1_a.mzXML</file>
            <file>D:\Projects\Hitchhiker\NewData_SD_Beach_Survey\SD_12-2017_1_b.mzXML</file>
            <file>D:\Projects\Hitchhiker\NewData_SD_Beach_Survey\SD_12-2017_2_a.mzXML</file>
            <file>D:\Projects\Hitchhiker\NewData_SD_Beach_Survey\SD_12-2017_2_b.mzXML</file>
            <file>D:\Projects\Hitchhiker\NewData_SD_Beach_Survey\SD_12-2017_3_a.mzXML</file>
            <file>D:\Projects\Hitchhiker\NewData_SD_Beach_Survey\SD_12-2017_3_b.mzXML</file>
            <file>D:\Projects\Hitchhiker\NewData_SD_Beach_Survey\SD_12-2017_4_a.mzXML</file>
            <file>D:\Projects\Hitchhiker\NewData_SD_Beach_Survey\SD_12-2017_4_b.mzXML</file>
            <file>D:\Projects\Hitchhiker\NewData_SD_Beach_Survey\SD_12-2017_5_a.mzXML</file>
            <file>D:\Projects\Hitchhiker\NewData_SD_Beach_Survey\SD_12-2017_5_b.mzXML</file>
            <file>D:\Projects\Hitchhiker\NewData_SD_Beach_Survey\SD_12-2017_6_a.mzXML</file>
            <file>D:\Projects\Hitchhiker\NewData_SD_Beach_Survey\SD_12-2017_6_b.mzXML</file>
            <file>D:\Projects\Hitchhiker\NewData_SD_Beach_Survey\SD_12-2017_7_a.mzXML</file>
            <file>D:\Projects\Hitchhiker\NewData_SD_Beach_Survey\SD_12-2017_7_b.mzXML</file>
            <file>D:\Projects\Hitchhiker\NewData_SD_Beach_Survey\SD_12-2017_8_a.mzXML</file>
            <file>D:\Projects\Hitchhiker\NewData_SD_Beach_Survey\SD_12-2017_8_b.mzXML</file>
            <file>D:\Projects\Hitchhiker\NewData_SD_Beach_Survey\SD_12-2017_9_a.mzXML</file>
            <file>D:\Projects\Hitchhiker\NewData_SD_Beach_Survey\SD_12-2017_9_b.mzXML</file>
            <file>D:\Projects\Hitchhiker\NewData_SD_Beach_Survey\SD_12-2017_10_a.mzXML</file>
            <file>D:\Projects\Hitchhiker\NewData_SD_Beach_Survey\SD_12-2017_10_b.mzXML</file>
            <file>D:\Projects\Hitchhiker\NewData_SD_Beach_Survey\SD_12-2017_11_a.mzXML</file>
            <file>D:\Projects\Hitchhiker\NewData_SD_Beach_Survey\SD_12-2017_11_b.mzXML</file>
            <file>D:\Projects\Hitchhiker\NewData_SD_Beach_Survey\SD_12-2017_12_a.mzXML</file>
            <file>D:\Projects\Hitchhiker\NewData_SD_Beach_Survey\SD_12-2017_12_b.mzXML</file>
            <file>D:\Projects\Hitchhiker\NewData_SD_Beach_Survey\SD_12-2017_13_a.mzXML</file>
            <file>D:\Projects\Hitchhiker\NewData_SD_Beach_Survey\SD_12-2017_13_b.mzXML</file>
            <file>D:\Projects\Hitchhiker\NewData_SD_Beach_Survey\SD_12-2017_14_a.mzXML</file>
            <file>D:\Projects\Hitchhiker\NewData_SD_Beach_Survey\SD_12-2017_14_b.mzXML</file>
            <file>D:\Projects\Hitchhiker\NewData_SD_Beach_Survey\SD_12-2017_15_a.mzXML</file>
            <file>D:\Projects\Hitchhiker\NewData_SD_Beach_Survey\SD_12-2017_15_b.mzXML</file>
            <file>D:\Projects\Hitchhiker\NewData_SD_Beach_Survey\SD_12-2017_16_a.mzXML</file>
            <file>D:\Projects\Hitchhiker\NewData_SD_Beach_Survey\SD_12-2017_16_b.mzXML</file>
            <file>D:\Projects\Hitchhiker\NewData_SD_Beach_Survey\SD_12-2017_17_a.mzXML</file>
            <file>D:\Projects\Hitchhiker\NewData_SD_Beach_Survey\SD_12-2017_17_b.mzXML</file>
            <file>D:\Projects\Hitchhiker\NewData_SD_Beach_Survey\SD_12-2017_18_a.mzXML</file>
            <file>D:\Projects\Hitchhiker\NewData_SD_Beach_Survey\SD_12-2017_18_b.mzXML</file>
            <file>D:\Projects\Hitchhiker\NewData_SD_Beach_Survey\SD_12-2017_19_a.mzXML</file>
            <file>D:\Projects\Hitchhiker\NewData_SD_Beach_Survey\SD_12-2017_19_b.mzXML</file>
            <file>D:\Projects\Hitchhiker\NewData_SD_Beach_Survey\SD_12-2017_20_a.mzXML</file>
            <file>D:\Projects\Hitchhiker\NewData_SD_Beach_Survey\SD_12-2017_20_b.mzXML</file>
            <file>D:\Projects\Hitchhiker\NewData_SD_Beach_Survey\SD_12-2017_21_a.mzXML</file>
            <file>D:\Projects\Hitchhiker\NewData_SD_Beach_Survey\SD_12-2017_21_b.mzXML</file>
            <file>D:\Projects\Hitchhiker\NewData_SD_Beach_Survey\SD_12-2017_22_a.mzXML</file>
            <file>D:\Projects\Hitchhiker\NewData_SD_Beach_Survey\SD_12-2017_22_b.mzXML</file>
            <file>D:\Projects\Hitchhiker\NewData_SD_Beach_Survey\SD_12-2017_23_a.mzXML</file>
            <file>D:\Projects\Hitchhiker\NewData_SD_Beach_Survey\SD_12-2017_23_b.mzXML</file>
            <file>D:\Projects\Hitchhiker\NewData_SD_Beach_Survey\SD_12-2017_24_a.mzXML</file>
            <file>D:\Projects\Hitchhiker\NewData_SD_Beach_Survey\SD_12-2017_24_b.mzXML</file>
            <file>D:\Projects\Hitchhiker\NewData_SD_Beach_Survey\SD_12-2017_25_a.mzXML</file>
            <file>D:\Projects\Hitchhiker\NewData_SD_Beach_Survey\SD_12-2017_25_b.mzXML</file>
            <file>D:\Projects\Hitchhiker\NewData_SD_Beach_Survey\SD_12-2017_26_a.mzXML</file>
            <file>D:\Projects\Hitchhiker\NewData_SD_Beach_Survey\SD_12-2017_26_b.mzXML</file>
            <file>D:\Projects\Hitchhiker\NewData_SD_Beach_Survey\SD_12-2017_27_a.mzXML</file>
            <file>D:\Projects\Hitchhiker\NewData_SD_Beach_Survey\SD_12-2017_27_b.mzXML</file>
            <file>D:\Projects\Hitchhiker\NewData_SD_Beach_Survey\SD_12-2017_28_a.mzXML</file>
            <file>D:\Projects\Hitchhiker\NewData_SD_Beach_Survey\SD_12-2017_28_b.mzXML</file>
            <file>D:\Projects\Hitchhiker\NewData_SD_Beach_Survey\SD_12-2017_29_a.mzXML</file>
            <file>D:\Projects\Hitchhiker\NewData_SD_Beach_Survey\SD_12-2017_29_b.mzXML</file>
            <file>D:\Projects\Hitchhiker\NewData_SD_Beach_Survey\SD_12-2017_30_a.mzXML</file>
            <file>D:\Projects\Hitchhiker\NewData_SD_Beach_Survey\SD_12-2017_30_b.mzXML</file>
            <file>D:\Projects\Hitchhiker\NewData_SD_Beach_Survey\SD_12-2017_PPL_Bl_1.mzXML</file>
            <file>D:\Projects\Hitchhiker\NewData_SD_Beach_Survey\SD_12-2017_PPL_Bl_2.mzXML</file>
        </parameter>
        <parameter name="Advanced import" selected="true">
            <parameter name="MS1 detector (Advanced)" selected="true" selected_item="Centroid">
                <module name="Factor of lowest signal">
                    <parameter name="Noise factor">2.5</parameter>
                </module>
                <module name="Centroid">
                    <parameter name="Noise level">200000.0</parameter>
                    <parameter name="Detect isotope signals below noise level" selected="false">
                        <parameter name="Chemical elements">H,C,N,O,S</parameter>
                        <parameter name="m/z tolerance">
                            <absolutetolerance>5.0E-4</absolutetolerance>
                            <ppmtolerance>10.0</ppmtolerance>
                        </parameter>
                        <parameter name="Maximum charge of isotope m/z">1</parameter>
                    </parameter>
                </module>
                <module name="Exact mass">
                    <parameter name="Noise level"/>
                    <parameter name="Detect isotope signals below noise level" selected="false">
                        <parameter name="Chemical elements">H,C,N,O,S</parameter>
                        <parameter name="m/z tolerance">
                            <absolutetolerance>5.0E-4</absolutetolerance>
                            <ppmtolerance>10.0</ppmtolerance>
                        </parameter>
                        <parameter name="Maximum charge of isotope m/z">1</parameter>
                    </parameter>
                </module>
                <module name="Local maxima">
                    <parameter name="Noise level"/>
                </module>
                <module name="Recursive threshold">
                    <parameter name="Noise level"/>
                    <parameter name="Min m/z peak width"/>
                    <parameter name="Max m/z peak width"/>
                </module>
                <module name="Wavelet transform">
                    <parameter name="Noise level"/>
                    <parameter name="Scale level"/>
                    <parameter name="Wavelet window size (%)"/>
                </module>
                <module name="Auto">
                    <parameter name="Noise level">1000.0</parameter>
                    <parameter name="Detect isotope signals below noise level" selected="false">
                        <parameter name="Chemical elements">H,C,N,O,S</parameter>
                        <parameter name="m/z tolerance">
                            <absolutetolerance>5.0E-4</absolutetolerance>
                            <ppmtolerance>10.0</ppmtolerance>
                        </parameter>
                        <parameter name="Maximum charge of isotope m/z">1</parameter>
                    </parameter>
                </module>
            </parameter>
            <parameter name="MS2 detector (Advanced)" selected="true" selected_item="Centroid">
                <module name="Factor of lowest signal">
                    <parameter name="Noise factor">2.5</parameter>
                </module>
                <module name="Centroid">
                    <parameter name="Noise level">1000.0</parameter>
                    <parameter name="Detect isotope signals below noise level" selected="false">
                        <parameter name="Chemical elements">H,C,N,O,S</parameter>
                        <parameter name="m/z tolerance">
                            <absolutetolerance>5.0E-4</absolutetolerance>
                            <ppmtolerance>10.0</ppmtolerance>
                        </parameter>
                        <parameter name="Maximum charge of isotope m/z">1</parameter>
                    </parameter>
                </module>
                <module name="Exact mass">
                    <parameter name="Noise level"/>
                    <parameter name="Detect isotope signals below noise level" selected="false">
                        <parameter name="Chemical elements">H,C,N,O,S</parameter>
                        <parameter name="m/z tolerance">
                            <absolutetolerance>5.0E-4</absolutetolerance>
                            <ppmtolerance>10.0</ppmtolerance>
                        </parameter>
                        <parameter name="Maximum charge of isotope m/z">1</parameter>
                    </parameter>
                </module>
                <module name="Local maxima">
                    <parameter name="Noise level"/>
                </module>
                <module name="Recursive threshold">
                    <parameter name="Noise level"/>
                    <parameter name="Min m/z peak width"/>
                    <parameter name="Max m/z peak width"/>
                </module>
                <module name="Wavelet transform">
                    <parameter name="Noise level"/>
                    <parameter name="Scale level"/>
                    <parameter name="Wavelet window size (%)"/>
                </module>
                <module name="Auto">
                    <parameter name="Noise level">1000.0</parameter>
                    <parameter name="Detect isotope signals below noise level" selected="false">
                        <parameter name="Chemical elements">H,C,N,O,S</parameter>
                        <parameter name="m/z tolerance">
                            <absolutetolerance>5.0E-4</absolutetolerance>
                            <ppmtolerance>10.0</ppmtolerance>
                        </parameter>
                        <parameter name="Maximum charge of isotope m/z">1</parameter>
                    </parameter>
                </module>
            </parameter>
        </parameter>
        <parameter name="Spectral library files"/>
    </batchstep>
    <batchstep method="io.github.mzmine.modules.dataprocessing.featdet_adapchromatogrambuilder.ModularADAPChromatogramBuilderModule">
        <parameter name="Raw data files" type="ALL_FILES"/>
        <parameter name="Scans">
            <ms_level>1</ms_level>
            <scan_definition/>
        </parameter>
        <parameter name="Min group size in # of scans">5</parameter>
        <parameter name="Group intensity threshold">200000.0</parameter>
        <parameter name="Min highest intensity">500000.0</parameter>
        <parameter name="Scan to scan accuracy (m/z)">
            <absolutetolerance>0.002</absolutetolerance>
            <ppmtolerance>5.0</ppmtolerance>
        </parameter>
        <parameter name="Suffix">chroms</parameter>
        <parameter name="Allow single scan chromatograms"/>
    </batchstep>
    <batchstep method="io.github.mzmine.modules.dataprocessing.featdet_chromatogramdeconvolution.minimumsearch.MinimumSearchFeatureResolverModule">
        <parameter name="Feature lists" type="BATCH_LAST_FEATURELISTS"/>
        <parameter name="Suffix">r</parameter>
        <parameter name="Original feature list">REMOVE</parameter>
        <parameter name="MS/MS scan pairing" selected="true">
            <parameter name="Retention time tolerance" unit="MINUTES">0.22500001</parameter>
            <parameter name="MS1 to MS2 precursor tolerance (m/z)">
                <absolutetolerance>0.002</absolutetolerance>
                <ppmtolerance>10.0</ppmtolerance>
            </parameter>
            <parameter name="Limit by RT edges">true</parameter>
            <parameter name="Combine MS/MS spectra (TIMS)">false</parameter>
            <parameter name="Lock to feature mobility range">true</parameter>
            <parameter name="Minimum merged intensity (IMS)" selected="false">2000.0</parameter>
        </parameter>
        <parameter name="Dimension">Retention time</parameter>
        <parameter name="Chromatographic threshold">0.82</parameter>
        <parameter name="Minimum search range RT/Mobility (absolute)">0.075</parameter>
        <parameter name="Minimum relative height">0.0</parameter>
        <parameter name="Minimum absolute height">500000.0</parameter>
        <parameter name="Min ratio of peak top/edge">1.4</parameter>
        <parameter name="Peak duration range (min/mobility)">
            <min>0.0</min>
            <max>4.0</max>
        </parameter>
        <parameter name="Min # of data points">5</parameter>
    </batchstep>
    <batchstep method="io.github.mzmine.modules.dataprocessing.filter_isotopegrouper.IsotopeGrouperModule">
        <parameter name="Feature lists" type="BATCH_LAST_FEATURELISTS"/>
        <parameter name="Name suffix">deiso</parameter>
        <parameter name="m/z tolerance">
            <absolutetolerance>0.0015</absolutetolerance>
            <ppmtolerance>3.0</ppmtolerance>
        </parameter>
        <parameter name="Retention time tolerance" unit="MINUTES">0.1</parameter>
        <parameter name="Mobility tolerance" selected="false">0.008</parameter>
        <parameter name="Monotonic shape">true</parameter>
        <parameter name="Maximum charge">2</parameter>
        <parameter name="Representative isotope">Most intense</parameter>
        <parameter name="Never remove feature with MS2">true</parameter>
        <parameter name="Original feature list">PROCESS IN PLACE</parameter>
    </batchstep>
    <batchstep method="io.github.mzmine.modules.dataprocessing.align_join.JoinAlignerModule">
        <parameter name="Feature lists" type="BATCH_LAST_FEATURELISTS"/>
        <parameter name="Feature list name">Aligned feature list</parameter>
        <parameter name="m/z tolerance">
            <absolutetolerance>0.0015</absolutetolerance>
            <ppmtolerance>5.0</ppmtolerance>
        </parameter>
        <parameter name="Weight for m/z">3.0</parameter>
        <parameter name="Retention time tolerance" unit="MINUTES">0.2</parameter>
        <parameter name="Weight for RT">1.0</parameter>
        <parameter name="Mobility tolerance" selected="false">0.01</parameter>
        <parameter name="Mobility weight">1.0</parameter>
        <parameter name="Require same charge state">false</parameter>
        <parameter name="Require same ID">false</parameter>
        <parameter name="Compare isotope pattern" selected="false">
            <parameter name="Isotope m/z tolerance">
                <absolutetolerance>0.001</absolutetolerance>
                <ppmtolerance>5.0</ppmtolerance>
            </parameter>
            <parameter name="Minimum absolute intensity"/>
            <parameter name="Minimum score"/>
        </parameter>
        <parameter name="Compare spectra similarity" selected="false">
            <parameter name="Spectral m/z tolerance">
                <absolutetolerance>0.001</absolutetolerance>
                <ppmtolerance>10.0</ppmtolerance>
            </parameter>
            <parameter name="MS level">2</parameter>
            <parameter name="Compare spectra similarity" selected_item="Weighted dot-product cosine">
                <module name="Weighted dot-product cosine">
                    <parameter name="Weights">MassBank (mz^2 * I^0.5)</parameter>
                    <parameter name="Minimum  cos similarity">0.7</parameter>
                    <parameter name="Handle unmatched signals">KEEP ALL AND MATCH TO ZERO</parameter>
                </module>
                <module name="Composite dot -product identity (similar to NIST search)">
                    <parameter name="Weights">MassBank (mz^2 * I^0.5)</parameter>
                    <parameter name="Minimum  cos similarity">0.7</parameter>
                    <parameter name="Handle unmatched signals">KEEP ALL AND MATCH TO ZERO</parameter>
                </module>
            </parameter>
        </parameter>
        <parameter name="Original feature list">REMOVE</parameter>
    </batchstep>
    <batchstep method="io.github.mzmine.modules.dataprocessing.filter_rowsfilter.RowsFilterModule">
        <parameter name="Feature lists" type="BATCH_LAST_FEATURELISTS"/>
        <parameter name="Name suffix">filtered</parameter>
        <parameter name="Minimum features in a row (abs or %)" selected="true">2.0</parameter>
        <parameter name="Minimum features in an isotope pattern" selected="true">2</parameter>
        <parameter name="Validate 13C isotope pattern" selected="false">
            <parameter name="m/z tolerance">
                <absolutetolerance>0.0015</absolutetolerance>
                <ppmtolerance>3.0</ppmtolerance>
            </parameter>
            <parameter name="Max charge">2</parameter>
            <parameter name="Estimate minimum carbon">true</parameter>
            <parameter name="Remove if 13C">true</parameter>
            <parameter name="Exclude isotopes">O</parameter>
        </parameter>
        <parameter name="m/z" selected="false"/>
        <parameter name="Retention time" selected="false"/>
        <parameter name="features duration range" selected="false">
            <min>0.0</min>
            <max>10.0</max>
        </parameter>
        <parameter name="Chromatographic FWHM" selected="false">
            <min>0.0</min>
            <max>1.0</max>
        </parameter>
        <parameter name="Charge" selected="false">
            <min>1</min>
            <max>2</max>
        </parameter>
        <parameter name="Kendrick mass defect" selected="false">
            <parameter name="Kendrick mass defect">
                <min>0.0</min>
                <max>1.0</max>
            </parameter>
            <parameter name="Kendrick mass base"/>
            <parameter name="Shift">0.0</parameter>
            <parameter name="Charge">1</parameter>
            <parameter name="Divisor">1</parameter>
            <parameter name="Use Remainder of Kendrick mass">false</parameter>
        </parameter>
        <parameter name="Parameter">No parameters defined</parameter>
        <parameter name="Only identified?">false</parameter>
        <parameter name="Text in identity" selected="false"/>
        <parameter name="Text in comment" selected="false"/>
        <parameter name="Keep or remove rows">Keep rows that match all criteria</parameter>
        <parameter name="Feature with MS2 scan">false</parameter>
        <parameter name="Never remove feature with MS2">true</parameter>
        <parameter name="Reset the feature number ID">false</parameter>
        <parameter name="Mass defect" selected="false"/>
        <parameter name="Original feature list">PROCESS IN PLACE</parameter>
    </batchstep>
    <batchstep method="io.github.mzmine.modules.dataprocessing.gapfill_peakfinder.multithreaded.MultiThreadPeakFinderModule">
        <parameter name="Feature lists" type="BATCH_LAST_FEATURELISTS"/>
        <parameter name="Name suffix">gaps</parameter>
        <parameter name="Intensity tolerance">0.2</parameter>
        <parameter name="m/z tolerance">
            <absolutetolerance>0.002</absolutetolerance>
            <ppmtolerance>5.0</ppmtolerance>
        </parameter>
        <parameter name="Retention time tolerance" unit="MINUTES">0.05</parameter>
        <parameter name="Minimum data points">3</parameter>
        <parameter name="Original feature list">REMOVE</parameter>
    </batchstep>
    <batchstep method="io.github.mzmine.modules.dataprocessing.filter_duplicatefilter.DuplicateFilterModule">
        <parameter name="Feature lists" type="BATCH_LAST_FEATURELISTS"/>
        <parameter name="Name suffix">dup</parameter>
        <parameter name="Filter mode">NEW AVERAGE</parameter>
        <parameter name="m/z tolerance">
            <absolutetolerance>0.0</absolutetolerance>
            <ppmtolerance>2.0</ppmtolerance>
        </parameter>
        <parameter name="RT tolerance" unit="MINUTES">0.2</parameter>
        <parameter name="Require same identification">false</parameter>
        <parameter name="Original feature list">PROCESS IN PLACE</parameter>
    </batchstep>
    <batchstep method="io.github.mzmine.modules.io.projectsave.ProjectSaveAsModule">
        <parameter name="Project file">
            <current_file>D:\Projects\Hitchhiker\SD_BeachSurvey.mzmine</current_file>
            <last_file>D:\Projects\Hitchhiker\SD_BeachSurvey.mzmine</last_file>
        </parameter>
        <parameter name="Project type">Referencing (small)</parameter>
    </batchstep>
    <batchstep method="io.github.mzmine.modules.dataprocessing.group_metacorrelate.corrgrouping.CorrelateGroupingModule">
        <parameter name="Feature lists" type="BATCH_LAST_FEATURELISTS"/>
        <parameter name="RT tolerance" unit="MINUTES">0.1</parameter>
        <parameter name="Sample set" selected="false"/>
        <parameter name="Min height">0.0</parameter>
        <parameter name="Intensity correlation threshold">500000.0</parameter>
        <parameter name="Min samples filter">
            <parameter name="Min samples in all">
                <abs>3</abs>
                <rel>0.0</rel>
            </parameter>
            <parameter name="Min samples in group">
                <abs>0</abs>
                <rel>0.0</rel>
            </parameter>
            <parameter name="Min %-intensity overlap">0.6</parameter>
            <parameter name="Exclude estimated features (gap-filled)">true</parameter>
        </parameter>
        <parameter name="Correlation grouping" selected="true">
            <parameter name="Min data points">5</parameter>
            <parameter name="Min data points on edge">2</parameter>
            <parameter name="Measure">PEARSON</parameter>
            <parameter name="Min feature shape correlation">0.85</parameter>
            <parameter name="Min total correlation" selected="false">0.5</parameter>
        </parameter>
        <parameter name="Feature height correlation" selected="true">
            <parameter name="Min data points">2</parameter>
            <parameter name="Measure">PEARSON</parameter>
            <parameter name="Min correlation">0.8</parameter>
        </parameter>
        <parameter name="Suffix (or auto)" selected="false"/>
    </batchstep>
    <batchstep method="io.github.mzmine.modules.dataprocessing.id_ion_identity_networking.ionidnetworking.IonNetworkingModule">
        <parameter name="Feature lists" type="BATCH_LAST_FEATURELISTS"/>
        <parameter name="m/z tolerance">
            <absolutetolerance>0.0015</absolutetolerance>
            <ppmtolerance>3.0</ppmtolerance>
        </parameter>
        <parameter name="Check">ALL FEATURES</parameter>
        <parameter name="Min height">0.0</parameter>
        <parameter name="Ion identity library">
            <parameter name="MS mode">POSITIVE</parameter>
            <parameter name="Maximum charge">2</parameter>
            <parameter name="Maximum molecules/cluster">2</parameter>
            <parameter name="Adducts">
                <adduct_type selected="false">
                    <subpart charge="-1" mass_difference="-1.007276" mol_formula="H" name="H" type="ADDUCT"/>
                </adduct_type>
                <adduct_type selected="false">
                    <subpart charge="1" mass_difference="-5.4858E-4" mol_formula="" name="e" type="ADDUCT"/>
                </adduct_type>
                <adduct_type selected="true">
                    <subpart charge="1" mass_difference="1.007276" mol_formula="H" name="H" type="ADDUCT"/>
                </adduct_type>
                <adduct_type selected="true">
                    <subpart charge="1" mass_difference="22.989218" mol_formula="Na" name="Na" type="ADDUCT"/>
                </adduct_type>
                <adduct_type selected="true">
                    <subpart charge="1" mass_difference="38.963158" mol_formula="K" name="K" type="ADDUCT"/>
                </adduct_type>
                <adduct_type selected="true">
                    <subpart charge="1" mass_difference="18.033823" mol_formula="NH4" name="NH4" type="ADDUCT"/>
                </adduct_type>
                <adduct_type selected="false">
                    <subpart charge="1" mass_difference="1.007276" mol_formula="H" name="H" type="ADDUCT"/>
                    <subpart charge="1" mass_difference="1.007276" mol_formula="H" name="H" type="ADDUCT"/>
                </adduct_type>
                <adduct_type selected="false">
                    <subpart charge="2" mass_difference="39.96149382" mol_formula="Ca" name="Ca" type="ADDUCT"/>
                </adduct_type>
                <adduct_type selected="false">
                    <subpart charge="2" mass_difference="55.93384" mol_formula="Fe" name="Fe" type="ADDUCT"/>
                </adduct_type>
                <adduct_type selected="false">
                    <subpart charge="2" mass_difference="47.96953482" mol_formula="Mg" name="Mg" type="ADDUCT"/>
                </adduct_type>
                <adduct_type selected="false">
                    <subpart charge="1" mass_difference="1.007276" mol_formula="H" name="H" type="ADDUCT"/>
                    <subpart charge="1" mass_difference="22.989218" mol_formula="Na" name="Na" type="ADDUCT"/>
                </adduct_type>
                <adduct_type selected="false">
                    <subpart charge="1" mass_difference="1.007276" mol_formula="H" name="H" type="ADDUCT"/>
                    <subpart charge="1" mass_difference="18.033823" mol_formula="NH4" name="NH4" type="ADDUCT"/>
                </adduct_type>
                <adduct_type selected="false">
                    <subpart charge="1" mass_difference="1.007276" mol_formula="H" name="H" type="ADDUCT"/>
                    <subpart charge="1" mass_difference="38.963158" mol_formula="K" name="K" type="ADDUCT"/>
                </adduct_type>
                <adduct_type selected="false">
                    <subpart charge="-1" mass_difference="-1.007276" mol_formula="H" name="H" type="ADDUCT"/>
                    <subpart charge="1" mass_difference="22.989218" mol_formula="Na" name="Na" type="ADDUCT"/>
                    <subpart charge="1" mass_difference="22.989218" mol_formula="Na" name="Na" type="ADDUCT"/>
                </adduct_type>
                <adduct_type selected="false">
                    <subpart charge="2" mass_difference="39.96149382" mol_formula="Ca" name="Ca" type="ADDUCT"/>
                    <subpart charge="-1" mass_difference="-1.007276" mol_formula="H" name="H" type="ADDUCT"/>
                </adduct_type>
                <adduct_type selected="false">
                    <subpart charge="2" mass_difference="55.93384" mol_formula="Fe" name="Fe" type="ADDUCT"/>
                    <subpart charge="-1" mass_difference="-1.007276" mol_formula="H" name="H" type="ADDUCT"/>
                </adduct_type>
                <adduct_type selected="false">
                    <subpart charge="-1" mass_difference="-1.007276" mol_formula="H" name="H" type="ADDUCT"/>
                    <subpart charge="2" mass_difference="47.96953482" mol_formula="Mg" name="Mg" type="ADDUCT"/>
                </adduct_type>
                <modification_type selected="true">
                    <subpart charge="0" mass_difference="-18.010565" mol_formula="H2O" name="H2O" type="NEUTRAL_LOSS"/>
                </modification_type>
                <modification_type selected="false">
                    <subpart charge="0" mass_difference="-18.010565" mol_formula="H2O" name="H2O" type="NEUTRAL_LOSS"/>
                    <subpart charge="0" mass_difference="-18.010565" mol_formula="H2O" name="H2O" type="NEUTRAL_LOSS"/>
                </modification_type>
                <modification_type selected="false">
                    <subpart charge="0" mass_difference="-18.010565" mol_formula="H2O" name="H2O" type="NEUTRAL_LOSS"/>
                    <subpart charge="0" mass_difference="-18.010565" mol_formula="H2O" name="H2O" type="NEUTRAL_LOSS"/>
                    <subpart charge="0" mass_difference="-18.010565" mol_formula="H2O" name="H2O" type="NEUTRAL_LOSS"/>
                </modification_type>
                <modification_type selected="false">
                    <subpart charge="0" mass_difference="-18.010565" mol_formula="H2O" name="H2O" type="NEUTRAL_LOSS"/>
                    <subpart charge="0" mass_difference="-18.010565" mol_formula="H2O" name="H2O" type="NEUTRAL_LOSS"/>
                    <subpart charge="0" mass_difference="-18.010565" mol_formula="H2O" name="H2O" type="NEUTRAL_LOSS"/>
                    <subpart charge="0" mass_difference="-18.010565" mol_formula="H2O" name="H2O" type="NEUTRAL_LOSS"/>
                </modification_type>
                <modification_type selected="false">
                    <subpart charge="0" mass_difference="-18.010565" mol_formula="H2O" name="H2O" type="NEUTRAL_LOSS"/>
                    <subpart charge="0" mass_difference="-18.010565" mol_formula="H2O" name="H2O" type="NEUTRAL_LOSS"/>
                    <subpart charge="0" mass_difference="-18.010565" mol_formula="H2O" name="H2O" type="NEUTRAL_LOSS"/>
                    <subpart charge="0" mass_difference="-18.010565" mol_formula="H2O" name="H2O" type="NEUTRAL_LOSS"/>
                    <subpart charge="0" mass_difference="-18.010565" mol_formula="H2O" name="H2O" type="NEUTRAL_LOSS"/>
                </modification_type>
                <modification_type selected="false">
                    <subpart charge="0" mass_difference="-17.026549" mol_formula="NH3" name="NH3" type="NEUTRAL_LOSS"/>
                </modification_type>
                <modification_type selected="false">
                    <subpart charge="0" mass_difference="15.99491462" mol_formula="O" name="O" type="CLUSTER"/>
                </modification_type>
                <modification_type selected="false">
                    <subpart charge="0" mass_difference="-27.994915" mol_formula="CO" name="CO" type="NEUTRAL_LOSS"/>
                </modification_type>
                <modification_type selected="false">
                    <subpart charge="0" mass_difference="-43.989829" mol_formula="CO2" name="CO2" type="NEUTRAL_LOSS"/>
                </modification_type>
                <modification_type selected="false">
                    <subpart charge="0" mass_difference="-28.031301" mol_formula="C2H4" name="C2H4" type="NEUTRAL_LOSS"/>
                </modification_type>
                <modification_type selected="false">
                    <subpart charge="0" mass_difference="46.005479" mol_formula="CHOOH" name="HFA" type="CLUSTER"/>
                </modification_type>
                <modification_type selected="false">
                    <subpart charge="0" mass_difference="60.021129" mol_formula="CH3COOH" name="HAc" type="CLUSTER"/>
                </modification_type>
                <modification_type selected="false">
                    <subpart charge="0" mass_difference="32.026215" mol_formula="CH3OH" name="MeOH" type="CLUSTER"/>
                </modification_type>
                <modification_type selected="true">
                    <subpart charge="0" mass_difference="41.026549" mol_formula="CH3CN" name="ACN" type="CLUSTER"/>
                </modification_type>
                <modification_type selected="false">
                    <subpart charge="0" mass_difference="60.058064" mol_formula="C3H8O" name="IsoProp" type="CLUSTER"/>
                </modification_type>
            </parameter>
        </parameter>
        <parameter name="Annotation refinement" selected="true">
            <parameter name="Minimum size" selected="false">2</parameter>
            <parameter name="Delete small networks without major ion">false</parameter>
            <parameter name="Delete smaller networks: Link threshold" selected="true">4</parameter>
            <parameter name="Delete networks without monomer">true</parameter>
            <parameter name="Delete rows witout ion id">false</parameter>
        </parameter>
    </batchstep>
    <batchstep method="io.github.mzmine.modules.io.export_features_gnps.fbmn.GnpsFbmnExportAndSubmitModule">
        <parameter name="Feature lists" type="BATCH_LAST_FEATURELISTS"/>
        <parameter name="Filename">
            <current_file>D:\Projects\Hitchhiker\SD_BeachSurvey_GapFilled</current_file>
            <last_file>D:\Projects\Hitchhiker\SD_BeachSurvey_GapFilled</last_file>
            <last_file>D:\Projects\Hitchhiker\SD_BeachSurvey_GapFilled.csv</last_file>
        </parameter>
        <parameter name="Merge MS/MS (experimental)" selected="false">
            <parameter name="Select spectra to merge">across samples</parameter>
            <parameter name="m/z merge mode">weighted average (remove outliers)</parameter>
            <parameter name="intensity merge mode">sum intensities</parameter>
            <parameter name="Expected mass deviation">
                <absolutetolerance>0.001</absolutetolerance>
                <ppmtolerance>5.0</ppmtolerance>
            </parameter>
            <parameter name="Cosine threshold (%)">0.7</parameter>
            <parameter name="Signal count threshold (%)">0.2</parameter>
            <parameter name="Isolation window offset (m/z)">0.0</parameter>
            <parameter name="Isolation window width (m/z)">3.0</parameter>
        </parameter>
        <parameter name="Filter rows">ONLY WITH MS2</parameter>
        <parameter name="Feature intensity">Peak area</parameter>
        <parameter name="CSV export">SIMPLE</parameter>
        <parameter name="Submit to GNPS" selected="false">
            <parameter name="Meta data file" selected="false"/>
            <parameter name="Export ion identity networks">true</parameter>
            <parameter name="Presets">HIGHRES</parameter>
            <parameter name="Job title"/>
            <parameter name="Email"/>
            <parameter name="Username"/>
            <parameter name="Password"/>
            <parameter name="Open website">true</parameter>
        </parameter>
        <parameter name="Open folder">false</parameter>
    </batchstep>
    <batchstep method="io.github.mzmine.modules.io.export_features_sirius.SiriusExportModule">
        <parameter name="Feature lists" type="BATCH_LAST_FEATURELISTS"/>
        <parameter name="Filename">
            <current_file>D:\Projects\Hitchhiker\SD_BeachSurvey_SIRIUS_fixed</current_file>
            <last_file>D:\Projects\Hitchhiker\SD_BeachSurvey_SIRIUS_fixed</last_file>
        </parameter>
        <parameter name="Merge MS/MS" selected="false">
            <parameter name="Select spectra to merge">across samples</parameter>
            <parameter name="m/z merge mode">weighted average (remove outliers)</parameter>
            <parameter name="intensity merge mode">sum intensities</parameter>
            <parameter name="Expected mass deviation">
                <absolutetolerance>0.001</absolutetolerance>
                <ppmtolerance>5.0</ppmtolerance>
            </parameter>
            <parameter name="Cosine threshold (%)">0.7</parameter>
            <parameter name="Signal count threshold (%)">0.2</parameter>
            <parameter name="Isolation window offset (m/z)">0.0</parameter>
            <parameter name="Isolation window width (m/z)">3.0</parameter>
        </parameter>
        <parameter name="m/z tolerance">
            <absolutetolerance>0.001</absolutetolerance>
            <ppmtolerance>5.0</ppmtolerance>
        </parameter>
        <parameter name="Renumber IDs">false</parameter>
        <parameter name="Only rows with annotation">false</parameter>
        <parameter name="Exclude empty MS/MS spectra">false</parameter>
        <parameter name="Exclude multiple charge">false</parameter>
        <parameter name="Exclude multimers">false</parameter>
    </batchstep>
</batch>
