ID1,ID2,EdgeType,Score,Annotation
443,806,MS1 annotation,2.000,[M+NH4]+ [M+H]+ dm/z=17.0265
586,720,MS1 annotation,2.000,[M+ACN+H]+ [M+NH4]+ dm/z=24.0002
651,722,MS1 annotation,2.000,[M+ACN+H]+ [M+NH4]+ dm/z=23.9999
672,741,MS1 annotation,2.000,[M+ACN+H]+ [M+NH4]+ dm/z=23.9999
676,1577,MS1 annotation,2.000,[M+NH4]+ [M+ACN+H]+ dm/z=23.9999
742,869,MS1 annotation,2.000,[M+NH4]+ [M+ACN+H]+ dm/z=23.9999
754,761,MS1 annotation,2.000,[M+ACN+H]+ [M+NH4]+ dm/z=23.9999
817,1629,MS1 annotation,2.000,[M+NH4]+ [M+ACN+H]+ dm/z=24.0000
3048,3495,MS1 annotation,3.000,[M+NH4]+ [M+Na]+ dm/z=4.9554
3460,3495,MS1 annotation,3.000,[M+NH4]+ [M+H]+ dm/z=17.0265
3577,3659,MS1 annotation,3.000,[M+H]+ [M+Na]+ dm/z=21.9820
3577,3667,MS1 annotation,3.000,[M+NH4]+ [M+Na]+ dm/z=4.9556
3659,3667,MS1 annotation,3.000,[M+NH4]+ [M+H]+ dm/z=17.0264
3732,3785,MS1 annotation,2.000,[M+NH4]+ [M+Na]+ dm/z=4.9555
4674,4676,MS1 annotation,3.000,[M+Na]+ [M+H]+ dm/z=21.9815
4674,4686,MS1 annotation,3.000,[M+NH4]+ [M+H]+ dm/z=17.0266
4676,4686,MS1 annotation,3.000,[M+NH4]+ [M+Na]+ dm/z=4.9549
5185,5191,MS1 annotation,3.000,[M+NH4]+ [M+Na]+ dm/z=4.9552
5185,5210,MS1 annotation,3.000,[M+H]+ [M+Na]+ dm/z=21.9817
5191,5210,MS1 annotation,3.000,[M+H]+ [M+NH4]+ dm/z=17.0265
6372,6375,MS1 annotation,3.000,[M+NH4]+ [M+Na]+ dm/z=4.9554
6372,6379,MS1 annotation,3.000,[M+H]+ [M+Na]+ dm/z=21.9819
6375,6379,MS1 annotation,3.000,[M+H]+ [M+NH4]+ dm/z=17.0265
6716,6735,MS1 annotation,4.000,[M+Na]+ [M+H]+ dm/z=21.9822
6716,6728,MS1 annotation,4.000,[M+NH4]+ [M+H]+ dm/z=17.0266
6728,6817,MS1 annotation,4.000,[M-H2O+H]+ [M+NH4]+ dm/z=35.0370
6728,6735,MS1 annotation,4.000,[M+Na]+ [M+NH4]+ dm/z=4.9556
6735,6817,MS1 annotation,4.000,[M-H2O+H]+ [M+Na]+ dm/z=39.9927
7338,7369,MS1 annotation,2.000,[M+H]+ [M+NH4]+ dm/z=17.0266
7467,7557,MS1 annotation,2.000,[M+Na]+ [M+NH4]+ dm/z=4.9561
7663,7683,MS1 annotation,2.000,[M+NH4]+ [M+H]+ dm/z=17.0266
8229,8231,MS1 annotation,2.000,[M+Na]+ [M+NH4]+ dm/z=4.9563
8473,8717,MS1 annotation,2.000,[M+H]+ [M+NH4]+ dm/z=17.0265
9056,9060,MS1 annotation,3.000,[M+NH4]+ [M+H]+ dm/z=17.0266
9060,9066,MS1 annotation,3.000,[M+Na]+ [M+NH4]+ dm/z=4.9556
9690,9860,MS1 annotation,2.000,[M+NH4]+ [M+H]+ dm/z=17.0269
9793,10682,MS1 annotation,2.000,[M+NH4]+ [M+H]+ dm/z=17.0267
10072,10074,MS1 annotation,3.000,[M+H]+ [M+Na]+ dm/z=21.9821
10072,10078,MS1 annotation,3.000,[M+NH4]+ [M+Na]+ dm/z=4.9556
10074,10078,MS1 annotation,3.000,[M+NH4]+ [M+H]+ dm/z=17.0266
11344,11397,MS1 annotation,2.000,[M+NH4]+ [M+H]+ dm/z=17.0265
12027,12029,MS1 annotation,2.000,[M+H]+ [M+NH4]+ dm/z=17.0265
13573,13593,MS1 annotation,2.000,[M+H]+ [M+NH4]+ dm/z=17.0266
13581,13597,MS1 annotation,3.000,[M+NH4]+ [M+Na]+ dm/z=4.9559
13597,13598,MS1 annotation,3.000,[M+H]+ [M+NH4]+ dm/z=17.0270
13714,14877,MS1 annotation,3.000,[M+NH4]+ [M+H]+ dm/z=17.0265
14803,14877,MS1 annotation,3.000,[M+NH4]+ [M+Na]+ dm/z=4.9554
15916,17597,MS1 annotation,2.000,[M+H]+ [M+NH4]+ dm/z=17.0267
15963,16119,MS1 annotation,2.000,[M+H]+ [M+NH4]+ dm/z=17.0270
16739,16742,MS1 annotation,2.000,[M+H]+ [M+NH4]+ dm/z=17.0266
16906,16914,MS1 annotation,3.000,[M+H]+ [M+NH4]+ dm/z=17.0265
16906,16939,MS1 annotation,3.000,[M-H2O+H]+ [M+NH4]+ dm/z=35.0370
17444,19562,MS1 annotation,3.000,[M+NH4]+ [M+H]+ dm/z=17.0266
17444,19576,MS1 annotation,3.000,[M+Na]+ [M+H]+ dm/z=21.9822
19562,19576,MS1 annotation,3.000,[M+Na]+ [M+NH4]+ dm/z=4.9556
20182,22041,MS1 annotation,3.000,[M+Na]+ [M+NH4]+ dm/z=4.9554
20182,22017,MS1 annotation,3.000,[M+H]+ [M+NH4]+ dm/z=17.0266
20575,23679,MS1 annotation,2.000,[M+H]+ [M+NH4]+ dm/z=17.0267
22017,22041,MS1 annotation,3.000,[M+Na]+ [M+H]+ dm/z=21.9820
22524,22774,MS1 annotation,2.000,[M+Na]+ [M+NH4]+ dm/z=4.9554
24674,24796,MS1 annotation,2.000,[M+Na]+ [M+NH4]+ dm/z=4.9554
26648,27555,MS1 annotation,2.000,[M+NH4]+ [M+H]+ dm/z=17.0267
28051,28162,MS1 annotation,3.000,[M+NH4]+ [M+H]+ dm/z=17.0265
28051,28091,MS1 annotation,3.000,[M+Na]+ [M+H]+ dm/z=21.9819
28091,28162,MS1 annotation,3.000,[M+NH4]+ [M+Na]+ dm/z=4.9554
28107,28835,MS1 annotation,2.000,[M+NH4]+ [M+H]+ dm/z=17.0264
28701,30059,MS1 annotation,2.000,[M+Na]+ [M+NH4]+ dm/z=4.9555
29074,29104,MS1 annotation,2.000,[M+Na]+ [M+H]+ dm/z=21.9821
33437,33481,MS1 annotation,2.000,[M+NH4]+ [M+Na]+ dm/z=4.9562
33630,33717,MS1 annotation,2.000,[M+H]+ [M+NH4]+ dm/z=17.0268
35028,35056,MS1 annotation,3.000,[M+NH4]+ [M+H]+ dm/z=17.0265
36576,36577,MS1 annotation,2.000,[M+H]+ [M+NH4]+ dm/z=17.0266
37253,37968,MS1 annotation,2.000,[M-H2O+H]+ [M+NH4]+ dm/z=35.0371
38400,38415,MS1 annotation,3.000,[M+Na]+ [M+NH4]+ dm/z=4.9555
38400,38418,MS1 annotation,3.000,[M+H]+ [M+NH4]+ dm/z=17.0268
38415,38418,MS1 annotation,3.000,[M+H]+ [M+Na]+ dm/z=21.9823
39691,39715,MS1 annotation,2.000,[M+NH4]+ [M+H]+ dm/z=17.0264
39859,39937,MS1 annotation,2.000,[M+Na]+ [M+NH4]+ dm/z=4.9557
40504,40525,MS1 annotation,2.000,[M+NH4]+ [M+H]+ dm/z=17.0265
41555,41674,MS1 annotation,2.000,[M+H]+ [M+NH4]+ dm/z=17.0265
42925,44484,MS1 annotation,2.000,[M-H2O+H]+ [M+NH4]+ dm/z=35.0371
43211,43231,MS1 annotation,3.000,[M+NH4]+ [M+Na]+ dm/z=4.9559
43211,43238,MS1 annotation,3.000,[M+H]+ [M+Na]+ dm/z=21.9824
43231,43238,MS1 annotation,3.000,[M+H]+ [M+NH4]+ dm/z=17.0266
43381,43384,MS1 annotation,2.000,[M+H]+ [M+NH4]+ dm/z=17.0266
43507,43746,MS1 annotation,2.000,[M-H2O+H]+ [M+NH4]+ dm/z=35.0370
44759,45987,MS1 annotation,2.000,[M+NH4]+ [M-H2O+H]+ dm/z=35.0369
45380,45568,MS1 annotation,2.000,[M-H2O+H]+ [M+NH4]+ dm/z=35.0370
45579,45581,MS1 annotation,2.000,[M+Na]+ [M+NH4]+ dm/z=4.9557
47304,47335,MS1 annotation,3.000,[M+Na]+ [M+NH4]+ dm/z=4.9555
47335,47337,MS1 annotation,3.000,[M+H]+ [M+Na]+ dm/z=21.9821
48093,48427,MS1 annotation,2.000,[M+Na]+ [M+NH4]+ dm/z=4.9554
48158,48246,MS1 annotation,2.000,[M+Na]+ [M+NH4]+ dm/z=4.9555
48974,48975,MS1 annotation,2.000,[M+NH4]+ [M+H]+ dm/z=17.0271
50092,51375,MS1 annotation,2.000,[M+H]+ [M+NH4]+ dm/z=17.0265
52324,52354,MS1 annotation,2.000,[M+Na]+ [M+NH4]+ dm/z=4.9555
52986,53007,MS1 annotation,2.000,[M+Na]+ [M+H]+ dm/z=21.9824
53250,53476,MS1 annotation,3.000,[M+NH4]+ [M-H2O+H]+ dm/z=35.0369
53377,53476,MS1 annotation,3.000,[M+NH4]+ [M+H]+ dm/z=17.0264
53796,53841,MS1 annotation,2.000,[M+H]+ [M+NH4]+ dm/z=17.0264
54041,54080,MS1 annotation,3.000,[M+Na]+ [M+NH4]+ dm/z=4.9555
54041,54137,MS1 annotation,3.000,[M+H]+ [M+NH4]+ dm/z=17.0266
54080,54137,MS1 annotation,3.000,[M+H]+ [M+Na]+ dm/z=21.9821
54112,55278,MS1 annotation,3.000,[M+H]+ [M+Na]+ dm/z=21.9821
54657,54749,MS1 annotation,2.000,[M+NH4]+ [M+Na]+ dm/z=4.9555
55101,55215,MS1 annotation,2.000,[M+H]+ [M+NH4]+ dm/z=17.0265
55278,56517,MS1 annotation,3.000,[M+NH4]+ [M+H]+ dm/z=17.0267
55304,55344,MS1 annotation,2.000,[M+NH4]+ [M+Na]+ dm/z=4.9554
55603,55640,MS1 annotation,2.000,[M+NH4]+ [M+H]+ dm/z=17.0265
55857,55874,MS1 annotation,2.000,[M+NH4]+ [M+Na]+ dm/z=4.9553
55885,56153,MS1 annotation,2.000,[M+NH4]+ [M+ACN+H]+ dm/z=23.9999
57018,57126,MS1 annotation,2.000,[M+Na]+ [M+NH4]+ dm/z=4.9551
57327,58416,MS1 annotation,2.000,[M-H2O+H]+ [M+NH4]+ dm/z=35.0373
58318,59044,MS1 annotation,2.000,[M-H2O+H]+ [M+NH4]+ dm/z=35.0374
58351,58443,MS1 annotation,2.000,[M-H2O+H]+ [M+NH4]+ dm/z=35.0369
58714,59349,MS1 annotation,2.000,[M+H]+ [M+NH4]+ dm/z=17.0267
59304,61371,MS1 annotation,2.000,[M-H2O+H]+ [M+NH4]+ dm/z=35.0372
59757,59809,MS1 annotation,3.000,[M+Na]+ [M+NH4]+ dm/z=4.9553
59757,59899,MS1 annotation,3.000,[M+H]+ [M+NH4]+ dm/z=17.0267
59809,59899,MS1 annotation,3.000,[M+H]+ [M+Na]+ dm/z=21.9820
61123,61149,MS1 annotation,2.000,[M-H2O+H]+ [M+NH4]+ dm/z=35.0374
61170,61398,MS1 annotation,3.000,[M+NH4]+ [M+H]+ dm/z=17.0265
61398,62193,MS1 annotation,3.000,[M-H2O+H]+ [M+NH4]+ dm/z=35.0370
61444,61677,MS1 annotation,2.000,[M+NH4]+ [M+H]+ dm/z=17.0268
61504,61530,MS1 annotation,2.000,[M+Na]+ [M+NH4]+ dm/z=4.9555
61897,62486,MS1 annotation,2.000,[M+H]+ [M+NH4]+ dm/z=17.0268
61980,62057,MS1 annotation,2.000,[M+NH4]+ [M+H]+ dm/z=17.0265
62178,62239,MS1 annotation,2.000,[M-H2O+H]+ [M+NH4]+ dm/z=35.0370
62544,62553,MS1 annotation,3.000,[M+NH4]+ [M+H]+ dm/z=17.0267
62553,62622,MS1 annotation,3.000,[M+Na]+ [M+NH4]+ dm/z=4.9560
62843,62951,MS1 annotation,2.000,[M+Na]+ [M+NH4]+ dm/z=4.9556
63945,63948,MS1 annotation,2.000,[M-H2O+H]+ [M+Na]+ dm/z=39.9924
64616,64638,MS1 annotation,2.000,[2M+H]+ [M+Na]+ dm/z=288.1948
64636,64638,MS1 annotation,2.000,[M+H]+ [M+Na]+ dm/z=21.9818
64828,64830,MS1 annotation,2.000,[M+H]+ [M+NH4]+ dm/z=17.0269
64850,64956,MS1 annotation,3.000,[M+H]+ [M+Na]+ dm/z=21.9821
64850,64857,MS1 annotation,3.000,[M+NH4]+ [M+Na]+ dm/z=4.9553
64857,64956,MS1 annotation,3.000,[M+H]+ [M+NH4]+ dm/z=17.0268
64968,65808,MS1 annotation,3.000,[M-H2O+H]+ [M+NH4]+ dm/z=35.0370
64968,66100,MS1 annotation,3.000,[M+H]+ [M+NH4]+ dm/z=17.0265
65259,65684,MS1 annotation,2.000,[M-H2O+H]+ [M+NH4]+ dm/z=35.0374
65788,66038,MS1 annotation,2.000,[M+NH4]+ [M-H2O+H]+ dm/z=35.0369
65821,66019,MS1 annotation,3.000,[M+Na]+ [M+NH4]+ dm/z=4.9553
65821,66028,MS1 annotation,3.000,[M+H]+ [M+NH4]+ dm/z=17.0266
66019,66028,MS1 annotation,3.000,[M+H]+ [M+Na]+ dm/z=21.9819
66027,66031,MS1 annotation,3.000,[M+Na]+ [M+H]+ dm/z=21.9818
66029,66031,MS1 annotation,3.000,[M+Na]+ [M-H2O+H]+ dm/z=39.9925
66233,66258,MS1 annotation,2.000,[M+Na]+ [M+NH4]+ dm/z=4.9553
66401,67054,MS1 annotation,2.000,[M+H]+ [M+NH4]+ dm/z=17.0261
66767,67985,MS1 annotation,2.000,[M+H]+ [M+NH4]+ dm/z=17.0267
66870,66901,MS1 annotation,2.000,[M+NH4]+ [M+Na]+ dm/z=4.9558
67020,67120,MS1 annotation,2.000,[M+Na]+ [M+NH4]+ dm/z=4.9557
67023,67078,MS1 annotation,2.000,[M+Na]+ [M+NH4]+ dm/z=4.9550
67098,67201,MS1 annotation,2.000,[M-H2O+H]+ [M+Na]+ dm/z=39.9925
67178,67280,MS1 annotation,2.000,[M+H]+ [M+Na]+ dm/z=21.9816
67607,68172,MS1 annotation,3.000,[M+NH4]+ [M-H2O+H]+ dm/z=35.0374
67725,68172,MS1 annotation,3.000,[M+NH4]+ [M+H]+ dm/z=17.0269
67797,67799,MS1 annotation,3.000,[M+Na]+ [M+H]+ dm/z=21.9819
67799,67816,MS1 annotation,3.000,[M-H2O+H]+ [M+Na]+ dm/z=39.9927
68174,68389,MS1 annotation,2.000,[M-H2O+H]+ [M+NH4]+ dm/z=35.0369
68185,68358,MS1 annotation,3.000,[M+H]+ [M+NH4]+ dm/z=17.0267
68185,68227,MS1 annotation,3.000,[M-H2O+H]+ [M+NH4]+ dm/z=35.0370
68253,68287,MS1 annotation,2.000,[M+Na]+ [M+NH4]+ dm/z=4.9553
68855,68885,MS1 annotation,3.000,[M+NH4]+ [M+H]+ dm/z=17.0264
68885,68998,MS1 annotation,3.000,[M-H2O+H]+ [M+NH4]+ dm/z=35.0369
68918,68938,MS1 annotation,2.000,[M+H]+ [M+Na]+ dm/z=21.9823
69104,69116,MS1 annotation,2.000,[M+H]+ [M+Na]+ dm/z=21.9819
69117,69668,MS1 annotation,3.000,[M+NH4]+ [M+H]+ dm/z=17.0266
69268,69343,MS1 annotation,2.000,[M-H2O+H]+ [M+Na]+ dm/z=39.9926
69437,69443,MS1 annotation,2.000,[M+H]+ [M+Na]+ dm/z=21.9819
69463,69887,MS1 annotation,4.000,[M+H]+ [2M+NH4]+ dm/z=327.2047
69463,69847,MS1 annotation,4.000,[M+Na]+ [2M+NH4]+ dm/z=305.2221
69463,70446,MS1 annotation,4.000,[M-H2O+H]+ [2M+NH4]+ dm/z=345.2153
69668,69822,MS1 annotation,3.000,[M-H2O+H]+ [M+NH4]+ dm/z=35.0373
70135,71601,MS1 annotation,2.000,[M+NH4]+ [M+H]+ dm/z=17.0265
70462,71642,MS1 annotation,2.000,[M+Na]+ [M+H]+ dm/z=21.9819
70913,71131,MS1 annotation,2.000,[M+H]+ [M+NH4]+ dm/z=17.0267
71087,71090,MS1 annotation,2.000,[M+Na]+ [M+H]+ dm/z=21.9819
71242,71267,MS1 annotation,2.000,[M+Na]+ [M+NH4]+ dm/z=4.9556
72754,72780,MS1 annotation,3.000,[M+Na]+ [M+NH4]+ dm/z=4.9552
72873,72953,MS1 annotation,2.000,[M+Na]+ [M+NH4]+ dm/z=4.9556
74425,74464,MS1 annotation,2.000,[M+NH4]+ [M+Na]+ dm/z=4.9556
74769,74796,MS1 annotation,2.000,[M+NH4]+ [M+H]+ dm/z=17.0265
74928,74979,MS1 annotation,2.000,[M+Na]+ [M+H]+ dm/z=21.9815
75389,75405,MS1 annotation,2.000,[M+NH4]+ [M+Na]+ dm/z=4.9553
76510,76599,MS1 annotation,2.000,[M+NH4]+ [M-H2O+H]+ dm/z=35.0372
76952,76969,MS1 annotation,2.000,[M+NH4]+ [M+Na]+ dm/z=4.9554
77422,78965,MS1 annotation,2.000,[M+Na]+ [M-H2O+H]+ dm/z=39.9929
78033,79772,MS1 annotation,2.000,[M+Na]+ [M+NH4]+ dm/z=4.9554
79548,81032,MS1 annotation,3.000,[M+NH4]+ [M-H2O+H]+ dm/z=35.0372
79692,79805,MS1 annotation,2.000,[M+Na]+ [M+NH4]+ dm/z=4.9552
79752,81032,MS1 annotation,3.000,[M+NH4]+ [M+H]+ dm/z=17.0267
79905,79926,MS1 annotation,2.000,[M+H]+ [M+NH4]+ dm/z=17.0265
80641,80824,MS1 annotation,3.000,[M+NH4]+ [M+Na]+ dm/z=4.9553
81745,82236,MS1 annotation,2.000,[M+Na]+ [M+NH4]+ dm/z=4.9554
82127,82246,MS1 annotation,2.000,[M+NH4]+ [M+H]+ dm/z=17.0265
82465,82492,MS1 annotation,2.000,[M+H]+ [M+NH4]+ dm/z=17.0266
82516,82542,MS1 annotation,2.000,[M+NH4]+ [M+H]+ dm/z=17.0267
83818,83855,MS1 annotation,2.000,[M+Na]+ [M+NH4]+ dm/z=4.9554
84516,86411,MS1 annotation,2.000,[M+Na]+ [M+NH4]+ dm/z=4.9555
84748,84777,MS1 annotation,2.000,[M+NH4]+ [M+H]+ dm/z=17.0266
84758,85986,MS1 annotation,3.000,[M+Na]+ [M+NH4]+ dm/z=4.9556
84964,86239,MS1 annotation,2.000,[M+NH4]+ [M+H]+ dm/z=17.0266
85021,85580,MS1 annotation,2.000,[M+Na]+ [M+H]+ dm/z=21.9819
85106,85207,MS1 annotation,2.000,[M+H]+ [M+NH4]+ dm/z=17.0265
85498,86284,MS1 annotation,2.000,[M+NH4]+ [M+H]+ dm/z=17.0268
85986,86555,MS1 annotation,3.000,[M+NH4]+ [M+Na]+ dm/z=4.9556
86843,86916,MS1 annotation,2.000,[M+NH4]+ [M+Na]+ dm/z=4.9553
87227,87864,MS1 annotation,2.000,[M+NH4]+ [M+H]+ dm/z=17.0265
88745,88750,MS1 annotation,2.000,[M+H]+ [M+NH4]+ dm/z=17.0266
88749,88790,MS1 annotation,2.000,[M+NH4]+ [M+H]+ dm/z=17.0267
89447,89454,MS1 annotation,2.000,[M+NH4]+ [M+H]+ dm/z=17.0267
89726,89841,MS1 annotation,3.000,[M+H]+ [M+Na]+ dm/z=21.9817
89726,89892,MS1 annotation,3.000,[M+NH4]+ [M+Na]+ dm/z=4.9552
89841,89892,MS1 annotation,3.000,[M+NH4]+ [M+H]+ dm/z=17.0265
90114,90156,MS1 annotation,2.000,[M+NH4]+ [M+H]+ dm/z=17.0266
90474,90533,MS1 annotation,2.000,[M+NH4]+ [M+H]+ dm/z=17.0264
90711,91315,MS1 annotation,2.000,[M+NH4]+ [M+Na]+ dm/z=4.9552
90961,91115,MS1 annotation,2.000,[M+NH4]+ [M+H]+ dm/z=17.0266
91177,91278,MS1 annotation,2.000,[M+NH4]+ [M+Na]+ dm/z=4.9544
91235,91297,MS1 annotation,2.000,[M+H]+ [M+Na]+ dm/z=21.9821
91581,91699,MS1 annotation,2.000,[M+NH4]+ [M+Na]+ dm/z=4.9559
91893,91901,MS1 annotation,2.000,[M+H]+ [M+NH4]+ dm/z=17.0266
91988,92027,MS1 annotation,2.000,[M+H]+ [M+Na]+ dm/z=21.9821
92141,92163,MS1 annotation,2.000,[M+H]+ [M-H2O+Na]+ dm/z=3.9711
92152,92168,MS1 annotation,2.000,[M+H]+ [M+NH4]+ dm/z=17.0266
92257,92267,MS1 annotation,2.000,[M+H]+ [M+Na]+ dm/z=21.9823
92433,92460,MS1 annotation,2.000,[M-H2O+NH4]+ [M+H]+ dm/z=0.9853
92518,92526,MS1 annotation,2.000,[M+Na]+ [M+K]+ dm/z=15.9727
